Workbook

Sheet 00_Leia_Primeiro
A1: Caderno de Testes — SignallQ Admin (Console)
A2: Execução assistida por IA • Playwright • conta de QA dedicada
A5: REGRA ZERO | B5: Nunca usar credencial pessoal do Luiz nem de outro operador real para testar. Usar sempre a conta de QA dedicada (ver linha 'Conta de QA').
A6: Fonte de design | B6: SignallQ Admin/DESIGN.md e SignallQ Admin/PRODUCT.md (North Star: The Operator's Console)
A7: Fonte de código | B7: https://github.com/gmmattey/linka-android — main — integrations/cloudflare/signallq-admin-worker/ + SignallQ Admin/src/
A8: URL de produção real | B8: https://signallq-admin-panel.pages.dev/ — projeto Cloudflare Pages Git-connected, deploy a cada push em main
A9: URL legada (NÃO USAR) | B9: https://signallq.pages.dev/console/ — projeto Cloudflare Pages desativado em 2026-07-16 (issue #1068), congelado em build antigo, nunca mais recebe deploy. Usar essa URL para teste produz falso-negativo.
A10: Conta de QA | B10: qa.playwright@signallq.internal — role 'admin', criada em 2026-07-17 diretamente no D1 (signallq-admin-db, tabela admin_users) via bootstrap temporário no Worker (nunca commitado). Senha entregue ao Luiz fora do repositório. Para resetar: UPDATE admin_users SET password_hash=<novo hash pbkdf2> WHERE email='qa.playwright@signallq.internal' via D1, ou reabrir o mesmo bootstrap temporário só quando necessário.
A11: Stack | B11: React + TypeScript + Vite + Tailwind. Backend: Cloudflare Worker 'signallq-admin' (D1 signallq-admin-db) + Pages Function de proxy /api/*.
A12: Alvo recomendado | B12: Chromium via Playwright MCP, viewport desktop (1280×800) como padrão; validar também em mobile (375×812) para Sidebar→BottomNav.
A13: Ordem recomendada | B13: 02 Login/Navegação → 03 Overview → 04 Uso do App → 05 Diagnósticos → 06 Redes & Operadoras → 07 IA & Custos → 08 Problemas & Incidentes → 09 Releases & Qualidade → 10 Saúde do Sistema → 11 Configurações → 12 Ferramentas → 13 Fluxos E2E
A14: Status permitidos | B14: Não iniciado • Em execução • Passou • Falhou • Bloqueado • N/A
A15: Critério de bug | B15: Falha reproduzida 2x, não explicada por dado mock/ambiente. Diferenciar 'não implementado' (rótulo explícito na própria UI, ex.: 'Crashlytics indisponível') de bug real.
A17: Protocolo de execução da IA
A18: 1 | B18: Preparar — abrir sessão Playwright, navegar para a URL de produção real (nunca a legada), logar com a conta de QA.
A19: 2 | B19: Console — abrir browser_console_messages a cada tela; qualquer [ERROR] novo (fora o 401 inicial de auth/me pré-login) é candidato a bug.
A20: 3 | B20: Executar por tela — não pular entre abas. Concluir todos os casos da aba antes de avançar.
A21: 4 | B21: Evidência — para cada Falhou/Bloqueado: screenshot (browser_take_screenshot ou snapshot), innerText relevante, URL/hash exato, horário.
A22: 5 | B22: Reteste — Falhou → recarregar a página → repetir uma vez antes de marcar definitivo.
A23: 6 | B23: Triagem — separar bug real de dado mock/'não implementado' rotulado, gap conhecido (ver Decisões abaixo) ou ambiente (STG vs PROD).
A24: 7 | B24: GitHub — pesquisar issue existente antes de abrir nova. Uma issue por causa raiz.
A26: Decisões atuais que prevalecem sobre documentos/mocks antigos
A27: Navegação | B27: 10 telas reais (App.tsx): Overview, Uso do App, Diagnósticos, Redes & Operadoras (fusão de /networks+/operators, GH#552 Fase 2), IA & Custos, Problemas & Incidentes, Releases & Qualidade, Saúde do Sistema, Configurações (fusão de /settings+/feature-flags), Ferramentas.
A28: Filtros globais | B28: Ambiente PROD/STG e período (Hoje/7d/30d/Personalizado) persistem via sessionStorage, aplicam-se a todas as telas exceto Configurações.
A29: Dado real vs mock | B29: Firebase Analytics/Crashlytics e Google Play Console ainda não têm billing/API habilitados em produção (decisão do Luiz de não assumir custo novo) — várias métricas mostram 'não disponível'/'não implementado' de propósito, isso NÃO é bug. Cloudflare Workers AI (ai-cost) e D1 (app-versions, diagnostics) já são dado real.
A30: Acesso da equipe (Configurações) | B30: A lista de nomes/avatares em Configurações → Acesso da equipe parece estática (Claudete/Camilo/Lia/Rhodolfo hardcoded) e não reflete admin_users real do D1 — a conta de QA criada nesta sessão não aparece lá. Validar como possível gap na aba 11_Configuracoes.

Sheet 01_Resumo
A1: Resumo de execução
A2: Atualiza automaticamente conforme a coluna Status das abas de teste. Tokens de design acompanhados separadamente em 14_Tokens_Design.
A4: Indicador | B4: Valor
A5: Total de casos | B5: =COUNTA('02_Login_Navegacao'!$N$5:$N$500)+COUNTA('03_Overview'!$N$5:$N$500)+COUNTA('04_Uso_App'!$N$5:$N$500)+COUNTA('05_Diagnosticos'!$N$5:$N$500)+COUNTA('06_Redes_Operadoras'!$N$5:$N$500)+COUNTA('07_IA_Custos'!$N$5:$N$500)+COUNTA('08_Problemas_Incidentes'!$N$5:$N$500)+COUNTA('09_Releases_Qualidade'!$N$5:$N$500)+COUNTA('10_Saude_Sistema'!$N$5:$N$500)+COUNTA('11_Configuracoes'!$N$5:$N$500)+COUNTA('12_Ferramentas'!$N$5:$N$500)+COUNTA('13_Fluxos_E2E'!$N$5:$N$500)
A6: Passou | B6: =COUNTIF('02_Login_Navegacao'!$N$5:$N$500,"Passou")+COUNTIF('03_Overview'!$N$5:$N$500,"Passou")+COUNTIF('04_Uso_App'!$N$5:$N$500,"Passou")+COUNTIF('05_Diagnosticos'!$N$5:$N$500,"Passou")+COUNTIF('06_Redes_Operadoras'!$N$5:$N$500,"Passou")+COUNTIF('07_IA_Custos'!$N$5:$N$500,"Passou")+COUNTIF('08_Problemas_Incidentes'!$N$5:$N$500,"Passou")+COUNTIF('09_Releases_Qualidade'!$N$5:$N$500,"Passou")+COUNTIF('10_Saude_Sistema'!$N$5:$N$500,"Passou")+COUNTIF('11_Configuracoes'!$N$5:$N$500,"Passou")+COUNTIF('12_Ferramentas'!$N$5:$N$500,"Passou")+COUNTIF('13_Fluxos_E2E'!$N$5:$N$500,"Passou")
A7: Falhou | B7: =COUNTIF('02_Login_Navegacao'!$N$5:$N$500,"Falhou")+COUNTIF('03_Overview'!$N$5:$N$500,"Falhou")+COUNTIF('04_Uso_App'!$N$5:$N$500,"Falhou")+COUNTIF('05_Diagnosticos'!$N$5:$N$500,"Falhou")+COUNTIF('06_Redes_Operadoras'!$N$5:$N$500,"Falhou")+COUNTIF('07_IA_Custos'!$N$5:$N$500,"Falhou")+COUNTIF('08_Problemas_Incidentes'!$N$5:$N$500,"Falhou")+COUNTIF('09_Releases_Qualidade'!$N$5:$N$500,"Falhou")+COUNTIF('10_Saude_Sistema'!$N$5:$N$500,"Falhou")+COUNTIF('11_Configuracoes'!$N$5:$N$500,"Falhou")+COUNTIF('12_Ferramentas'!$N$5:$N$500,"Falhou")+COUNTIF('13_Fluxos_E2E'!$N$5:$N$500,"Falhou")
A8: Bloqueado | B8: =COUNTIF('02_Login_Navegacao'!$N$5:$N$500,"Bloqueado")+COUNTIF('03_Overview'!$N$5:$N$500,"Bloqueado")+COUNTIF('04_Uso_App'!$N$5:$N$500,"Bloqueado")+COUNTIF('05_Diagnosticos'!$N$5:$N$500,"Bloqueado")+COUNTIF('06_Redes_Operadoras'!$N$5:$N$500,"Bloqueado")+COUNTIF('07_IA_Custos'!$N$5:$N$500,"Bloqueado")+COUNTIF('08_Problemas_Incidentes'!$N$5:$N$500,"Bloqueado")+COUNTIF('09_Releases_Qualidade'!$N$5:$N$500,"Bloqueado")+COUNTIF('10_Saude_Sistema'!$N$5:$N$500,"Bloqueado")+COUNTIF('11_Configuracoes'!$N$5:$N$500,"Bloqueado")+COUNTIF('12_Ferramentas'!$N$5:$N$500,"Bloqueado")+COUNTIF('13_Fluxos_E2E'!$N$5:$N$500,"Bloqueado")
A9: Em execução | B9: =COUNTIF('02_Login_Navegacao'!$N$5:$N$500,"Em execução")+COUNTIF('03_Overview'!$N$5:$N$500,"Em execução")+COUNTIF('04_Uso_App'!$N$5:$N$500,"Em execução")+COUNTIF('05_Diagnosticos'!$N$5:$N$500,"Em execução")+COUNTIF('06_Redes_Operadoras'!$N$5:$N$500,"Em execução")+COUNTIF('07_IA_Custos'!$N$5:$N$500,"Em execução")+COUNTIF('08_Problemas_Incidentes'!$N$5:$N$500,"Em execução")+COUNTIF('09_Releases_Qualidade'!$N$5:$N$500,"Em execução")+COUNTIF('10_Saude_Sistema'!$N$5:$N$500,"Em execução")+COUNTIF('11_Configuracoes'!$N$5:$N$500,"Em execução")+COUNTIF('12_Ferramentas'!$N$5:$N$500,"Em execução")+COUNTIF('13_Fluxos_E2E'!$N$5:$N$500,"Em execução")
A10: Não iniciado | B10: =COUNTIF('02_Login_Navegacao'!$N$5:$N$500,"Não iniciado")+COUNTIF('03_Overview'!$N$5:$N$500,"Não iniciado")+COUNTIF('04_Uso_App'!$N$5:$N$500,"Não iniciado")+COUNTIF('05_Diagnosticos'!$N$5:$N$500,"Não iniciado")+COUNTIF('06_Redes_Operadoras'!$N$5:$N$500,"Não iniciado")+COUNTIF('07_IA_Custos'!$N$5:$N$500,"Não iniciado")+COUNTIF('08_Problemas_Incidentes'!$N$5:$N$500,"Não iniciado")+COUNTIF('09_Releases_Qualidade'!$N$5:$N$500,"Não iniciado")+COUNTIF('10_Saude_Sistema'!$N$5:$N$500,"Não iniciado")+COUNTIF('11_Configuracoes'!$N$5:$N$500,"Não iniciado")+COUNTIF('12_Ferramentas'!$N$5:$N$500,"Não iniciado")+COUNTIF('13_Fluxos_E2E'!$N$5:$N$500,"Não iniciado")
A11: N/A | B11: =COUNTIF('02_Login_Navegacao'!$N$5:$N$500,"N/A")+COUNTIF('03_Overview'!$N$5:$N$500,"N/A")+COUNTIF('04_Uso_App'!$N$5:$N$500,"N/A")+COUNTIF('05_Diagnosticos'!$N$5:$N$500,"N/A")+COUNTIF('06_Redes_Operadoras'!$N$5:$N$500,"N/A")+COUNTIF('07_IA_Custos'!$N$5:$N$500,"N/A")+COUNTIF('08_Problemas_Incidentes'!$N$5:$N$500,"N/A")+COUNTIF('09_Releases_Qualidade'!$N$5:$N$500,"N/A")+COUNTIF('10_Saude_Sistema'!$N$5:$N$500,"N/A")+COUNTIF('11_Configuracoes'!$N$5:$N$500,"N/A")+COUNTIF('12_Ferramentas'!$N$5:$N$500,"N/A")+COUNTIF('13_Fluxos_E2E'!$N$5:$N$500,"N/A")
A12: % concluído | B12: =IF(B5=0,0,(B6+B7+B8+B10)/B5)
A13: % aprovação (executados) | B13: =IF((B6+B7)=0,0,B6/(B6+B7))
A15: Grupo de testes | B15: Total | C15: Passou | D15: Falhou | E15: Bloqueado | F15: Não iniciado | G15: N/A | H15: % aprovação
A16: Login, sessão e navegação global | B16: =COUNTA('02_Login_Navegacao'!$N$5:$N$500) | C16: =COUNTIF('02_Login_Navegacao'!$N$5:$N$500,"Passou") | D16: =COUNTIF('02_Login_Navegacao'!$N$5:$N$500,"Falhou") | E16: =COUNTIF('02_Login_Navegacao'!$N$5:$N$500,"Bloqueado") | F16: =COUNTIF('02_Login_Navegacao'!$N$5:$N$500,"Não iniciado") | G16: =COUNTIF('02_Login_Navegacao'!$N$5:$N$500,"N/A") | H16: =IF((C16+D16)=0,0,C16/(C16+D16))
A17: Overview | B17: =COUNTA('03_Overview'!$N$5:$N$500) | C17: =COUNTIF('03_Overview'!$N$5:$N$500,"Passou") | D17: =COUNTIF('03_Overview'!$N$5:$N$500,"Falhou") | E17: =COUNTIF('03_Overview'!$N$5:$N$500,"Bloqueado") | F17: =COUNTIF('03_Overview'!$N$5:$N$500,"Não iniciado") | G17: =COUNTIF('03_Overview'!$N$5:$N$500,"N/A") | H17: =IF((C17+D17)=0,0,C17/(C17+D17))
A18: Uso do App (Product Analytics) | B18: =COUNTA('04_Uso_App'!$N$5:$N$500) | C18: =COUNTIF('04_Uso_App'!$N$5:$N$500,"Passou") | D18: =COUNTIF('04_Uso_App'!$N$5:$N$500,"Falhou") | E18: =COUNTIF('04_Uso_App'!$N$5:$N$500,"Bloqueado") | F18: =COUNTIF('04_Uso_App'!$N$5:$N$500,"Não iniciado") | G18: =COUNTIF('04_Uso_App'!$N$5:$N$500,"N/A") | H18: =IF((C18+D18)=0,0,C18/(C18+D18))
A19: Diagnósticos | B19: =COUNTA('05_Diagnosticos'!$N$5:$N$500) | C19: =COUNTIF('05_Diagnosticos'!$N$5:$N$500,"Passou") | D19: =COUNTIF('05_Diagnosticos'!$N$5:$N$500,"Falhou") | E19: =COUNTIF('05_Diagnosticos'!$N$5:$N$500,"Bloqueado") | F19: =COUNTIF('05_Diagnosticos'!$N$5:$N$500,"Não iniciado") | G19: =COUNTIF('05_Diagnosticos'!$N$5:$N$500,"N/A") | H19: =IF((C19+D19)=0,0,C19/(C19+D19))
A20: Redes & Operadoras | B20: =COUNTA('06_Redes_Operadoras'!$N$5:$N$500) | C20: =COUNTIF('06_Redes_Operadoras'!$N$5:$N$500,"Passou") | D20: =COUNTIF('06_Redes_Operadoras'!$N$5:$N$500,"Falhou") | E20: =COUNTIF('06_Redes_Operadoras'!$N$5:$N$500,"Bloqueado") | F20: =COUNTIF('06_Redes_Operadoras'!$N$5:$N$500,"Não iniciado") | G20: =COUNTIF('06_Redes_Operadoras'!$N$5:$N$500,"N/A") | H20: =IF((C20+D20)=0,0,C20/(C20+D20))
A21: IA & Custos | B21: =COUNTA('07_IA_Custos'!$N$5:$N$500) | C21: =COUNTIF('07_IA_Custos'!$N$5:$N$500,"Passou") | D21: =COUNTIF('07_IA_Custos'!$N$5:$N$500,"Falhou") | E21: =COUNTIF('07_IA_Custos'!$N$5:$N$500,"Bloqueado") | F21: =COUNTIF('07_IA_Custos'!$N$5:$N$500,"Não iniciado") | G21: =COUNTIF('07_IA_Custos'!$N$5:$N$500,"N/A") | H21: =IF((C21+D21)=0,0,C21/(C21+D21))
A22: Problemas & Incidentes | B22: =COUNTA('08_Problemas_Incidentes'!$N$5:$N$500) | C22: =COUNTIF('08_Problemas_Incidentes'!$N$5:$N$500,"Passou") | D22: =COUNTIF('08_Problemas_Incidentes'!$N$5:$N$500,"Falhou") | E22: =COUNTIF('08_Problemas_Incidentes'!$N$5:$N$500,"Bloqueado") | F22: =COUNTIF('08_Problemas_Incidentes'!$N$5:$N$500,"Não iniciado") | G22: =COUNTIF('08_Problemas_Incidentes'!$N$5:$N$500,"N/A") | H22: =IF((C22+D22)=0,0,C22/(C22+D22))
A23: Releases & Qualidade | B23: =COUNTA('09_Releases_Qualidade'!$N$5:$N$500) | C23: =COUNTIF('09_Releases_Qualidade'!$N$5:$N$500,"Passou") | D23: =COUNTIF('09_Releases_Qualidade'!$N$5:$N$500,"Falhou") | E23: =COUNTIF('09_Releases_Qualidade'!$N$5:$N$500,"Bloqueado") | F23: =COUNTIF('09_Releases_Qualidade'!$N$5:$N$500,"Não iniciado") | G23: =COUNTIF('09_Releases_Qualidade'!$N$5:$N$500,"N/A") | H23: =IF((C23+D23)=0,0,C23/(C23+D23))
A24: Saúde do Sistema | B24: =COUNTA('10_Saude_Sistema'!$N$5:$N$500) | C24: =COUNTIF('10_Saude_Sistema'!$N$5:$N$500,"Passou") | D24: =COUNTIF('10_Saude_Sistema'!$N$5:$N$500,"Falhou") | E24: =COUNTIF('10_Saude_Sistema'!$N$5:$N$500,"Bloqueado") | F24: =COUNTIF('10_Saude_Sistema'!$N$5:$N$500,"Não iniciado") | G24: =COUNTIF('10_Saude_Sistema'!$N$5:$N$500,"N/A") | H24: =IF((C24+D24)=0,0,C24/(C24+D24))
A25: Configurações | B25: =COUNTA('11_Configuracoes'!$N$5:$N$500) | C25: =COUNTIF('11_Configuracoes'!$N$5:$N$500,"Passou") | D25: =COUNTIF('11_Configuracoes'!$N$5:$N$500,"Falhou") | E25: =COUNTIF('11_Configuracoes'!$N$5:$N$500,"Bloqueado") | F25: =COUNTIF('11_Configuracoes'!$N$5:$N$500,"Não iniciado") | G25: =COUNTIF('11_Configuracoes'!$N$5:$N$500,"N/A") | H25: =IF((C25+D25)=0,0,C25/(C25+D25))
A26: Ferramentas | B26: =COUNTA('12_Ferramentas'!$N$5:$N$500) | C26: =COUNTIF('12_Ferramentas'!$N$5:$N$500,"Passou") | D26: =COUNTIF('12_Ferramentas'!$N$5:$N$500,"Falhou") | E26: =COUNTIF('12_Ferramentas'!$N$5:$N$500,"Bloqueado") | F26: =COUNTIF('12_Ferramentas'!$N$5:$N$500,"Não iniciado") | G26: =COUNTIF('12_Ferramentas'!$N$5:$N$500,"N/A") | H26: =IF((C26+D26)=0,0,C26/(C26+D26))
A27: Jornadas completas e regressão cruzada | B27: =COUNTA('13_Fluxos_E2E'!$N$5:$N$500) | C27: =COUNTIF('13_Fluxos_E2E'!$N$5:$N$500,"Passou") | D27: =COUNTIF('13_Fluxos_E2E'!$N$5:$N$500,"Falhou") | E27: =COUNTIF('13_Fluxos_E2E'!$N$5:$N$500,"Bloqueado") | F27: =COUNTIF('13_Fluxos_E2E'!$N$5:$N$500,"Não iniciado") | G27: =COUNTIF('13_Fluxos_E2E'!$N$5:$N$500,"N/A") | H27: =IF((C27+D27)=0,0,C27/(C27+D27))

Sheet 02_Login_Navegacao
A1: Login, sessão e navegação global
A2: Autenticação, AppLayout (Sidebar/NavRail/BottomNav), GlobalFilters (PROD/STG, período), tema, logout.
A4: Ordem | B4: ID | C4: Tela / componente | D4: Estado / cenário | E4: Categoria | F4: Prioridade | G4: Pré-condições | H4: Passo a passo | I4: Resultado esperado | J4: Referência design / código | K4: URL / hash | L4: Seletor Playwright | M4: Evidência esperada | N4: Status | O4: Bug GitHub | P4: Observações | Q4: Bloqueador / dependência
A5: 1 | B5: NAV-001 | C5: Login | D5: Credenciais válidas | E5: Autenticação | F5: P0 | G5: Sessão deslogada (cookie 'session' ausente) | H5: 1. Abrir / 2. Preencher e-mail e senha da conta de QA 3. Clicar Entrar | I5: POST /admin/auth/login retorna 200; cookie httpOnly setado; app navega para #/overview com dado real. | J5: auth.ts handleAuthLogin; LoginPage.tsx | K5: / | L5: input[type=email], input[type=password], button:has-text('Entrar') | M5: Network tab do POST /admin/auth/login + screenshot pós-login | N5: Não iniciado
A6: 2 | B6: NAV-002 | C6: Login | D6: Credenciais inválidas | E6: Autenticação | F6: P0 | G6: Sessão deslogada | H6: 1. Preencher e-mail válido, senha errada 2. Clicar Entrar | I6: 401 'E-mail ou senha inválidos'; permanece na tela de login; sem detalhe que revele se o e-mail existe. | J6: handleAuthLogin (auth.ts:143-146) | K6: / | L6: form | M6: Screenshot da mensagem de erro | N6: Não iniciado
A7: 3 | B7: NAV-003 | C7: Login | D7: Rate limit | E7: Segurança | F7: P1 | G7: IP sem tentativas recentes | H7: 1. Errar a senha repetidamente (ver auth_rate_limit no schema para o limiar real) 2. Observar resposta | I7: 429 'Muitas tentativas. Tente novamente em 15 minutos.' após o limiar. | J7: checkRateLimit/incrementRateLimit em index.ts | K7: / | L7: form | M7: Screenshot + status HTTP | N7: Não iniciado
A8: 4 | B8: NAV-004 | C8: AppLayout | D8: Sessão persiste ao recarregar | E8: Sessão | F8: P0 | G8: Logado | H8: 1. Logar 2. F5 / reload da página | I8: GET /admin/auth/me retorna 200 com email/role; app não volta para tela de login (cookie httpOnly + credentials:include). | J8: App.tsx useEffect inicial + GH#1054 (checagem de content-type JSON) | K8: /#/overview | L8: - | M8: Network tab de /admin/auth/me | N8: Não iniciado
A9: 5 | B9: NAV-005 | C9: AppLayout | D9: Logout | E9: Sessão | F9: P0 | G9: Logado | H9: 1. Clicar em sair/logout | I9: POST /admin/auth/logout; cookie invalidado (Max-Age=0); volta para tela de login. | J9: handleAuthLogout (auth.ts) | K9: /#/overview | L9: button[aria-label*=sair], button:has-text('Sair') | M9: Screenshot pós-logout | N9: Não iniciado
A10: 6 | B10: NAV-006 | C10: Sidebar/NavRail | D10: Navegar entre as 10 telas | E10: Navegação | F10: P0 | G10: Logado, viewport desktop | H10: 1. Clicar em cada item da Sidebar 2. Conferir hash da URL e título da tela | I10: Cada clique atualiza window.location.hash e renderiza o Tab correspondente sem reload de página inteira. | J10: App.tsx handleNavigate + AppLayout.tsx | K10: /#/overview .. /#/tools | L10: nav a, nav button | M10: Screenshot de cada transição | N10: Não iniciado
A11: 7 | B11: NAV-007 | C11: GlobalFilters | D11: Alternar PROD/STG | E11: Filtro | F11: P0 | G11: Logado, em qualquer tela exceto Configurações | H11: 1. Alternar toggle PROD/STG 2. Observar métricas recarregarem | I11: Valor persiste em sessionStorage('signallq_env_filter'); dados da tela mudam conforme ambiente. | J11: App.tsx handleEnvironmentChange | K11: /#/overview | L11: text=PROD, text=STG | M11: Screenshot antes/depois | N11: Não iniciado
A12: 8 | B12: NAV-008 | C12: GlobalFilters | D12: Trocar período | E12: Filtro | F12: P0 | G12: Logado | H12: 1. Selecionar Hoje / 7 dias / 30 dias / Personalizado | I12: Métricas recalculam para o período; persiste em sessionStorage('signallq_period_filter'). | J12: App.tsx handlePeriodChange | K12: /#/overview | L12: text=Últimos 7 dias | M12: Screenshot | N12: Não iniciado
A13: 9 | B13: NAV-009 | C13: AppLayout | D13: Toggle de tema claro/escuro | E13: Visual | F13: P1 | G13: Logado | H13: 1. Clicar no botão de tema | I13: Alterna data-theme na raiz; paleta muda conforme SignallQ Admin/DESIGN.md (tokens claro/escuro). | J13: useTheme hook; index.css | K13: qualquer tela | L13: button[aria-label*=tema] | M13: Screenshot claro + escuro | N13: Não iniciado
A14: 10 | B14: NAV-010 | C14: AppLayout | D14: Responsivo — Sidebar vs NavRail vs BottomNav | E14: Visual | F14: P1 | G14: Logado | H14: 1. Redimensionar para 1280×800 (desktop), 768×1024 (tablet) e 375×812 (mobile) 2. Conferir qual componente de navegação renderiza | I14: Desktop: Nav Drawer completo. Tablet: NavRail ícone-only. Mobile: BottomNav 5 itens — ver DESIGN.md seção Navigation. | J14: AppLayout.tsx, NavRail.tsx, BottomNav.tsx | K14: qualquer tela | L14: - | M14: Screenshot nos 3 breakpoints | N14: Não iniciado

Sheet 03_Overview
A1: Overview
A2: KPI hero e resumo executivo — primeira tela pós-login.
A4: Ordem | B4: ID | C4: Tela / componente | D4: Estado / cenário | E4: Categoria | F4: Prioridade | G4: Pré-condições | H4: Passo a passo | I4: Resultado esperado | J4: Referência design / código | K4: URL / hash | L4: Seletor Playwright | M4: Evidência esperada | N4: Status | O4: Bug GitHub | P4: Observações | Q4: Bloqueador / dependência
A5: 1 | B5: OVW-001 | C5: Overview | D5: Carregamento inicial com dado real | E5: Dados | F5: P0 | G5: Logado, ambiente PROD | H5: 1. Navegar para #/overview 2. Aguardar carregamento | I5: KPIs renderizam sem 'undefined'/'NaN'; contagem de alertas não lidos visível no topo. | J5: OverviewTab.tsx | K5: /#/overview | L5: - | M5: Screenshot + innerText | N5: Não iniciado
A6: 2 | B6: OVW-002 | C6: Overview | D6: Badge de alertas não lidos | E6: Alertas | F6: P1 | G6: Há pelo menos 1 alerta | H6: 1. Observar badge 'Alertas não lidos (N)' 2. Clicar | I6: Badge mostra contagem correta; clique navega para o detalhe/tela relevante do alerta. | J6: OverviewTab.tsx onNavigate | K6: /#/overview | L6: text=Alertas não lidos | M6: Screenshot | N6: Não iniciado
A7: 3 | B7: OVW-003 | C7: Overview | D7: Navegação por atalho de card | E7: Navegação | F7: P1 | G7: Logado | H7: 1. Clicar em um card/KPI que linke para outra tela 2. Conferir destino | I7: onNavigate leva para a tela correta (ex.: card de custo IA → #/ai-cost). | J7: OverviewTab.tsx | K7: /#/overview | L7: - | M7: Screenshot antes/depois | N7: Não iniciado
A8: 4 | B8: OVW-004 | C8: Overview | D8: Refresh manual | E8: Dados | F8: P2 | G8: Logado | H8: 1. Clicar no botão de refresh do topo | I8: isRefreshing exibe indicador por ~350ms; triggerRefreshCounter incrementa e recarrega os dados da tela. | J8: App.tsx handleRefresh | K8: /#/overview | L8: button[aria-label*=atualizar] | M8: Screenshot durante e depois do spinner | N8: Não iniciado

Sheet 04_Uso_App
A1: Uso do App (Product Analytics)
A2: Engajamento, retenção, sessões e dispositivos via Firebase Analytics.
A4: Ordem | B4: ID | C4: Tela / componente | D4: Estado / cenário | E4: Categoria | F4: Prioridade | G4: Pré-condições | H4: Passo a passo | I4: Resultado esperado | J4: Referência design / código | K4: URL / hash | L4: Seletor Playwright | M4: Evidência esperada | N4: Status | O4: Bug GitHub | P4: Observações | Q4: Bloqueador / dependência
A5: 1 | B5: USO-001 | C5: Uso do App | D5: KPI Retenção D1 | E5: Dados | F5: P0 | G5: Logado | H5: 1. Abrir #/product-analytics 2. Ler card Retenção D1 | I5: Mostra percentual + veredito humano (Excelente/Bom/Regular/Fraco) + referência de mercado (25-40%) — regra 'Verdict-Beside-Metric' do DESIGN.md. | J5: ProductAnalyticsTab.tsx; DESIGN.md 'Verdict-Beside-Metric Rule' | K5: /#/product-analytics | L5: - | M5: Screenshot + innerText do card | N5: Não iniciado
A6: 2 | B6: USO-002 | C6: Uso do App | D6: Retenção D7 'Em breve' | E6: Dados | F6: P2 | G6: Logado | H6: 1. Ler card Retenção D7 | I6: Rotulado explicitamente 'Em breve' — não é bug, é feature não lançada. Confirmar que não aparenta erro/crash. | J6: ProductAnalyticsTab.tsx | K6: /#/product-analytics | L6: - | M6: Screenshot | N6: Não iniciado
A7: 3 | B7: USO-003 | C7: Uso do App | D7: Duração média de sessão sem dado | E7: Dados | F7: P2 | G7: Ambiente/período sem dado suficiente | H7: 1. Alternar para STG ou período sem volume 2. Ler card | I7: Mostra '—' (travessão), não '0' nem 'NaN', quando não há dado suficiente. | J7: ProductAnalyticsTab.tsx | K7: /#/product-analytics | L7: - | M7: Screenshot | N7: Não iniciado
A8: 4 | B8: USO-004 | C8: Uso do App | D8: Fonte de dado declarada | E8: Transparência | F8: P1 | G8: Logado | H8: 1. Localizar rótulo 'FONTE · FIREBASE ANALYTICS (ANALYTICS_EVENTS)' | I8: Toda seção principal declara a fonte real do dado — não-negociável do North Star 'Operator's Console' (nunca fabricar número). | J8: PRODUCT.md / DESIGN.md North Star | K8: /#/product-analytics | L8: - | M8: Screenshot | N8: Não iniciado

Sheet 05_Diagnosticos
A1: Diagnósticos
A2: Volume, taxa de sucesso e motivos de falha das varreduras de conectividade.
A4: Ordem | B4: ID | C4: Tela / componente | D4: Estado / cenário | E4: Categoria | F4: Prioridade | G4: Pré-condições | H4: Passo a passo | I4: Resultado esperado | J4: Referência design / código | K4: URL / hash | L4: Seletor Playwright | M4: Evidência esperada | N4: Status | O4: Bug GitHub | P4: Observações | Q4: Bloqueador / dependência
A5: 1 | B5: DIA-001 | C5: Diagnósticos | D5: Contagem de diagnósticos executados | E5: Dados | F5: P0 | G5: Logado, período 7d | H5: 1. Abrir #/diagnostics 2. Ler 'DIAGNÓSTICOS EXECUTADOS (7D)' | I5: Número real (ex.: 25 no momento da auditoria) com comparativo de período anterior. | J5: DiagnosticsTab.tsx; fonte DIAGNOSTIC_SESSIONS | K5: /#/diagnostics | L5: - | M5: Screenshot + innerText | N5: Não iniciado
A6: 2 | B6: DIA-002 | C6: Diagnósticos | D6: Filtro de ambiente afeta contagem | E6: Filtro | F6: P1 | G6: Logado | H6: 1. Alternar PROD/STG 2. Comparar contagem de diagnósticos | I6: Contagem muda de forma consistente com o ambiente selecionado (não fica travada). | J6: DiagnosticsTab.tsx onEnvironmentChange | K6: /#/diagnostics | L6: - | M6: Screenshot antes/depois | N6: Não iniciado
A7: 3 | B7: DIA-003 | C7: Diagnósticos | D7: Taxa de sucesso vs falha | E7: Dados | F7: P0 | G7: Logado | H7: 1. Localizar breakdown de sucesso/falha e motivos | I7: Soma de sucesso+falha bate com o total executado; motivos de falha nomeados (não genérico 'erro'). | J7: DiagnosticsTab.tsx | K7: /#/diagnostics | L7: - | M7: Screenshot | N7: Não iniciado

Sheet 06_Redes_Operadoras
A1: Redes & Operadoras
A2: Fusão de /networks + /operators (GH#552 Fase 2) — qualidade de rede por tipo/operadora.
A4: Ordem | B4: ID | C4: Tela / componente | D4: Estado / cenário | E4: Categoria | F4: Prioridade | G4: Pré-condições | H4: Passo a passo | I4: Resultado esperado | J4: Referência design / código | K4: URL / hash | L4: Seletor Playwright | M4: Evidência esperada | N4: Status | O4: Bug GitHub | P4: Observações | Q4: Bloqueador / dependência
A5: 1 | B5: RED-001 | C5: Redes & Operadoras | D5: Slug legado /operators redireciona/funciona | E5: Navegação | F5: P1 | G5: Logado | H5: 1. Navegar direto para #/operators (URL manual) 2. Conferir renderização | I5: Renderiza o mesmo NetworksTab que #/networks (fusão GH#552) — não deve dar tela em branco/404. | J5: App.tsx linha 229 (currentPath === '/networks' || '/operators') | K5: /#/operators | L5: - | M5: Screenshot | N5: Não iniciado
A6: 2 | B6: RED-002 | C6: Redes & Operadoras | D6: Agregação por tipo de rede | E6: Dados | F6: P0 | G6: Logado | H6: 1. Abrir #/networks 2. Ler agregação 'qualidade de rede por tipo e operadora' | I6: Lista/gráfico com tipos reais (Wi-Fi, móvel, fibra) e operadoras nomeadas, sem categoria genérica vazia. | J6: NetworksTab.tsx | K6: /#/networks | L6: - | M6: Screenshot | N6: Não iniciado
A7: 3 | B7: RED-003 | C7: Redes & Operadoras | D7: Sem dado no período | E7: Dados | F7: P2 | G7: Período sem volume | H7: 1. Selecionar período sem dado 2. Observar estado vazio | I7: Estado vazio explícito (não card quebrado/'0' sem contexto). | J7: NetworksTab.tsx | K7: /#/networks | L7: - | M7: Screenshot | N7: Não iniciado

Sheet 07_IA_Custos
A1: IA & Custos
A2: Custo por provedor/funcionalidade, latência, fallback e orçamento — dado real (Cloudflare Workers AI).
A4: Ordem | B4: ID | C4: Tela / componente | D4: Estado / cenário | E4: Categoria | F4: Prioridade | G4: Pré-condições | H4: Passo a passo | I4: Resultado esperado | J4: Referência design / código | K4: URL / hash | L4: Seletor Playwright | M4: Evidência esperada | N4: Status | O4: Bug GitHub | P4: Observações | Q4: Bloqueador / dependência
A5: 1 | B5: IAC-001 | C5: IA & Custos | D5: Custo no período (dado real) | E5: Dados | F5: P0 | G5: Logado | H5: 1. Abrir #/ai-cost 2. Ler 'CUSTO NO PERÍODO' | I5: Valor em R$ real vindo de AI_USAGE (D1), não mock — confirmar contra `ai_usage` no D1 se necessário. | J5: AiCostTab.tsx; fonte CLOUDFLARE WORKERS AI (AI_USAGE) | K5: /#/ai-cost | L5: - | M5: Screenshot + innerText | N5: Não iniciado
A6: 2 | B6: IAC-002 | C6: IA & Custos | D6: Taxa de fallback com veredito | E6: Dados | F6: P0 | G6: Logado | H6: 1. Ler card 'TAXA DE FALLBACK' | I6: Percentual + veredito (ex.: 'Regular') + explicação 'chamadas fora do provider primário (Gemini)' — confirma Gemini como primário conforme CLAUDE.md. | J6: AiCostTab.tsx; CLAUDE.md seção IA (Gemini 2.0 Flash primário) | K6: /#/ai-cost | L6: - | M6: Screenshot | N6: Não iniciado
A7: 3 | B7: IAC-003 | C7: IA & Custos | D7: Taxa de falha — proxy declarado | E7: Transparência | F7: P1 | G7: Logado | H7: 1. Ler card 'TAXA DE FALHA' e a nota 'proxy: completion_tokens = 0' | I7: Quando a métrica é um proxy (não medição direta), isso é declarado explicitamente no card — não-negociável do North Star. | J7: AiCostTab.tsx | K7: /#/ai-cost | L7: - | M7: Screenshot | N7: Não iniciado

Sheet 08_Problemas_Incidentes
A1: Problemas & Incidentes
A2: Crashes, ANRs e erros — Firebase Crashlytics (hoje indisponível/mock).
A4: Ordem | B4: ID | C4: Tela / componente | D4: Estado / cenário | E4: Categoria | F4: Prioridade | G4: Pré-condições | H4: Passo a passo | I4: Resultado esperado | J4: Referência design / código | K4: URL / hash | L4: Seletor Playwright | M4: Evidência esperada | N4: Status | O4: Bug GitHub | P4: Observações | Q4: Bloqueador / dependência
A5: 1 | B5: ERR-001 | C5: Problemas & Incidentes | D5: Crash-free users — indisponível é esperado | E5: Dados | F5: P0 | G5: Logado | H5: 1. Abrir #/errors 2. Ler 'CRASH-FREE USERS' | I5: Mostra 'Não disponível' com motivo explícito ('Crashlytics indisponível', 'não implementado') — NÃO reportar como bug, é gap conhecido (billing Firebase não habilitado). | J5: ErrorsTab.tsx; CLAUDE.md 'Analytics: Firebase Crashlytics' | K5: /#/errors | L5: - | M5: Screenshot | N5: Não iniciado
A6: 2 | B6: ERR-002 | C6: Problemas & Incidentes | D6: Taxa de ANR | E6: Dados | F6: P2 | G6: Logado | H6: 1. Ler card 'TAXA DE ANR' | I6: Mesma regra: 'Não disponível' com fonte declarada (Google Play Console) é esperado, não bug. | J6: ErrorsTab.tsx | K6: /#/errors | L6: - | M6: Screenshot | N6: Não iniciado
A7: 3 | B7: ERR-003 | C7: Problemas & Incidentes | D7: Priorização por impacto, não volume bruto | E7: Produto | F7: P1 | G7: Há erros cadastrados (system_errors no D1) | H7: 1. Conferir ordenação da lista de erros, se houver dado real além dos KPIs indisponíveis | I7: Copy do cabeçalho promete 'priorizados por impacto em usuários, não por volume bruto' — validar se a lista (quando existir dado) realmente ordena assim. | J7: ErrorsTab.tsx | K7: /#/errors | L7: - | M7: Screenshot | N7: Não iniciado

Sheet 09_Releases_Qualidade
A1: Releases & Qualidade (App Versions)
A2: Adoção de versão, rollout e qualidade por release — modelo Play Console Vitals.
A4: Ordem | B4: ID | C4: Tela / componente | D4: Estado / cenário | E4: Categoria | F4: Prioridade | G4: Pré-condições | H4: Passo a passo | I4: Resultado esperado | J4: Referência design / código | K4: URL / hash | L4: Seletor Playwright | M4: Evidência esperada | N4: Status | O4: Bug GitHub | P4: Observações | Q4: Bloqueador / dependência
A5: 1 | B5: REL-001 | C5: Releases & Qualidade | D5: Versão estável mostra valor real do app | E5: Dados | F5: P0 | G5: Logado | H5: 1. Abrir #/app-versions 2. Ler 'VERSÃO ESTÁVEL' | I5: Deve refletir a versão real do libs.versions.toml (0.25.0 no momento desta auditoria) — se divergir, é bug de sincronização de dado. | J5: VersionsTab.tsx; android/gradle/libs.versions.toml | K5: /#/app-versions | L5: - | M5: Screenshot + conferir contra libs.versions.toml | N5: Não iniciado
A6: 2 | B6: REL-002 | C6: Releases & Qualidade | D6: Base instalada indisponível é esperado | E6: Dados | F6: P2 | G6: Logado | H6: 1. Ler nota abaixo de 'VERSÃO ESTÁVEL' | I6: 'Base instalada não disponível — não implementado' é gap conhecido (Play Console API não integrada), não bug. | J6: VersionsTab.tsx | K6: /#/app-versions | L6: - | M6: Screenshot | N6: Não iniciado
A7: 3 | B7: REL-003 | C7: Releases & Qualidade | D7: Rollout gradual indisponível é esperado | E7: Dados | F7: P2 | G7: Logado | H7: 1. Ler card 'EM ROLLOUT' | I7: 'Não disponível — Android Publisher API não retorna tracks de rollout' é gap conhecido e declarado, não bug. | J7: VersionsTab.tsx | K7: /#/app-versions | L7: - | M7: Screenshot | N7: Não iniciado
A8: 4 | B8: REL-004 | C8: Releases & Qualidade | D8: Sessões por versão via D1 (dado real) | E8: Dados | F8: P0 | G8: Logado | H8: 1. Aguardar carregamento de 'sessões por versão' 2. Conferir lista/gráfico | I8: Vem de D1 real (comentário no código 'Buscando sessões por versão no D1'), não mock — validar que os valores fazem sentido. | J8: VersionsTab.tsx | K8: /#/app-versions | L8: - | M8: Screenshot | N8: Não iniciado

Sheet 10_Saude_Sistema
A1: Saúde do Sistema (System Health)
A2: Uptime e latência do Worker, Firebase e pipeline de eventos.
A4: Ordem | B4: ID | C4: Tela / componente | D4: Estado / cenário | E4: Categoria | F4: Prioridade | G4: Pré-condições | H4: Passo a passo | I4: Resultado esperado | J4: Referência design / código | K4: URL / hash | L4: Seletor Playwright | M4: Evidência esperada | N4: Status | O4: Bug GitHub | P4: Observações | Q4: Bloqueador / dependência
A5: 1 | B5: SIS-001 | C5: Saúde do Sistema | D5: Uptime do Worker aguardando primeiro snapshot | E5: Dados | F5: P1 | G5: Logado | H5: 1. Abrir #/system-health 2. Ler 'UPTIME DO WORKER (30D)' | I5: 'Não disponível — Aguardando primeiro snapshot do Cron Trigger' é esperado logo após deploy do cron de 15min (wrangler.toml triggers); validar se já passou tempo suficiente para ter dado. | J5: SystemHealthTab.tsx; wrangler.toml crons '*/15 * * * *' | K5: /#/system-health | L5: - | M5: Screenshot + conferir tempo desde deploy do cron | N5: Não iniciado
A6: 2 | B6: SIS-002 | C6: Saúde do Sistema | D6: Cloudflare Usage (GET /admin/cloudflare-usage) | E6: Dados | F6: P1 | G6: CLOUDFLARE_API_TOKEN secret configurada ou não | H6: 1. Localizar seção de uso Cloudflare 2. Conferir se mostra dado ou 'não disponível' com motivo | I6: Sem a secret CLOUDFLARE_API_TOKEN, deve responder 'não disponível' com o motivo explícito (getCloudflareUsage() em index.ts não fabrica número) — conferir qual dos dois estados está ativo em produção. | J6: index.ts getCloudflareUsage(); wrangler.toml comentário sobre #883 | K6: /#/system-health | L6: - | M6: Screenshot | N6: Não iniciado

Sheet 11_Configuracoes
A1: Configurações (Settings)
A2: Fusão de /settings + /feature-flags (GH#552) — feature flags e acesso da equipe.
A4: Ordem | B4: ID | C4: Tela / componente | D4: Estado / cenário | E4: Categoria | F4: Prioridade | G4: Pré-condições | H4: Passo a passo | I4: Resultado esperado | J4: Referência design / código | K4: URL / hash | L4: Seletor Playwright | M4: Evidência esperada | N4: Status | O4: Bug GitHub | P4: Observações | Q4: Bloqueador / dependência
A5: 1 | B5: CFG-001 | C5: Configurações | D5: Slug legado /feature-flags funciona | E5: Navegação | F5: P1 | G5: Logado | H5: 1. Navegar direto para #/feature-flags 2. Conferir renderização | I5: Renderiza o mesmo SettingsTab que #/settings (fusão GH#552). | J5: App.tsx linha 271 | K5: /#/feature-flags | L5: - | M5: Screenshot | N5: Não iniciado
A6: 2 | B6: CFG-002 | C6: Configurações | D6: Feature flags — toggle | E6: Funcional | F6: P0 | G6: Logado, papel admin | H6: 1. Localizar flag 'feature_diagnostico_ia' 2. Alternar toggle 3. Recarregar página | I6: Toggle persiste (via featureFlagsService); estado sobrevive a reload. | J6: SettingsTab.tsx; featureFlagsService.ts | K6: /#/settings | L6: text=FEATURE FLAGS | M6: Screenshot antes/depois | N6: Não iniciado
A7: 3 | B7: CFG-003 | C7: Configurações | D7: Acesso da equipe — dado real vs mock (GAP CONHECIDO) | E7: Dados | F7: P1 | G7: Conta de QA já criada em admin_users via D1 | H7: 1. Abrir 'ACESSO DA EQUIPE' 2. Conferir se qa.playwright@signallq.internal aparece na lista | I7: SUSPEITA CONFIRMAR: lista mostra apenas CS/CR/LP/RA hardcoded (Claudete/Camilo/Lia/Rhodolfo) — se a conta de QA real criada nesta sessão NÃO aparecer, a seção não lê de admin_users real, é mock estático. Reportar como achado, não presumir bug sem confirmar contra o código de SettingsTab.tsx. | J7: SettingsTab.tsx — conferir se consulta GET /admin/auth/users ou algum endpoint real | K7: /#/settings | L7: text=Acesso da equipe | M7: Screenshot + comparar com SELECT * FROM admin_users | N7: Não iniciado
A8: 4 | B8: CFG-004 | C8: Configurações | D8: Exportar CSV/PDF — 'Em breve' | E8: Funcional | F8: P2 | G8: Logado | H8: 1. Localizar botão 'Exportar CSV / PDF do painel' | I8: Rotulado 'EM BREVE' — botão deve estar desabilitado ou deixar claro que não executa ação real ainda (não confundir com handleExport mockado do App.tsx, que gera um CSV vazio de telemetria — conferir se são a mesma feature ou duas diferentes). | J8: App.tsx handleExport (mock: cabeçalho CSV vazio); SettingsTab.tsx botão 'Em breve' | K8: /#/settings | L8: text=Exportar CSV | M8: Screenshot + conferir se baixa arquivo real ou fica inerte | N8: Não iniciado

Sheet 12_Ferramentas
A1: Ferramentas (Tools)
A2: Drill-down avançado, resolução manual e configuração de integrações — dado real por trás.
A4: Ordem | B4: ID | C4: Tela / componente | D4: Estado / cenário | E4: Categoria | F4: Prioridade | G4: Pré-condições | H4: Passo a passo | I4: Resultado esperado | J4: Referência design / código | K4: URL / hash | L4: Seletor Playwright | M4: Evidência esperada | N4: Status | O4: Bug GitHub | P4: Observações | Q4: Bloqueador / dependência
A5: 1 | B5: FER-001 | C5: Ferramentas | D5: Diagnósticos — sessões individuais com filtros avançados | E5: Funcional | F5: P0 | G5: Logado, há sessões de diagnóstico no D1 | H5: 1. Abrir #/tools 2. Aplicar filtro por rede/operadora/score/problema/versão/canal | I5: Lista filtra corretamente por múltiplos critérios combinados; resultado bate com os filtros aplicados. | J5: ToolsTab.tsx | K5: /#/tools | L5: - | M5: Screenshot antes/depois do filtro | N5: Não iniciado
A6: 2 | B6: FER-002 | C6: Ferramentas | D6: Drill-down de uma sessão individual | E6: Funcional | F6: P1 | G6: Há ao menos 1 sessão na lista | H6: 1. Clicar em uma sessão da lista 2. Conferir detalhe | I6: Abre detalhe com dado real da sessão (não placeholder). | J6: ToolsTab.tsx | K6: /#/tools | L6: - | M6: Screenshot do detalhe | N6: Não iniciado
A7: 3 | B7: FER-003 | C7: Ferramentas | D7: Resolução manual de erro | E7: Funcional | F7: P1 | G7: Há erro não resolvido (system_errors.resolved=0) | H7: 1. Localizar ação de resolução manual 2. Marcar como resolvido com nota | I7: Grava resolved_by/resolved_at/resolution_note no D1 (schema.sql linhas 100-102). | J7: ToolsTab.tsx; schema.sql ALTER TABLE system_errors | K7: /#/tools | L7: - | M7: Screenshot + conferir via D1 query | N7: Não iniciado

Sheet 13_Fluxos_E2E
A1: Jornadas completas e regressão cruzada
A2: Fluxos ponta a ponta cruzando login, filtros globais e múltiplas telas.
A4: Ordem | B4: ID | C4: Tela / componente | D4: Estado / cenário | E4: Categoria | F4: Prioridade | G4: Pré-condições | H4: Passo a passo | I4: Resultado esperado | J4: Referência design / código | K4: URL / hash | L4: Seletor Playwright | M4: Evidência esperada | N4: Status | O4: Bug GitHub | P4: Observações | Q4: Bloqueador / dependência
A5: 1 | B5: E2E-001 | C5: Login → Overview → Logout | D5: Fluxo completo de sessão | E5: E2E | F5: P0 | G5: Sessão deslogada | H5: 1. Login com conta QA 2. Confirmar Overview carrega 3. Navegar por 3 telas quaisquer 4. Logout 5. Confirmar retorno à tela de login | I5: Cada etapa funciona sem erro de console novo; sessão realmente encerra (GET /admin/auth/me pós-logout retorna 401). | J5: auth.ts + App.tsx completo | K5: / → /#/overview → ... → / | L5: - | M5: Screenshot de cada etapa + network de auth/me pós-logout | N5: Não iniciado
A6: 2 | B6: E2E-002 | C6: Filtro global sobrevive à navegação | D6: Persistência de filtro | E6: E2E | F6: P1 | G6: Logado | H6: 1. Em Overview, mudar para STG + 30 dias 2. Navegar para Diagnósticos 3. Navegar para IA & Custos | I6: Ambiente e período permanecem STG/30d em todas as telas visitadas (sessionStorage compartilhado). | J6: App.tsx sessionStorage 'signallq_env_filter'/'signallq_period_filter' | K6: /#/overview → /#/diagnostics → /#/ai-cost | L6: - | M6: Screenshot do filtro em cada tela | N6: Não iniciado
A7: 3 | B7: E2E-003 | C7: ErrorBoundary isola crash por aba | D7: Resiliência | E7: E2E | F7: P1 | G7: Logado | H7: 1. Se possível, forçar erro numa tela (ex.: filtro extremo) 2. Navegar para outra tela | I7: ErrorBoundary com key={currentPath} reseta ao trocar de aba — um crash numa tela não deve persistir/vazar para as outras. | J7: App.tsx ErrorBoundary key={currentPath} | K7: qualquer tela | L7: - | M7: Screenshot do erro + da tela seguinte limpa | N7: Não iniciado
A8: 4 | B8: E2E-004 | C8: URL de produção | D8: URL legada não deve ser confundida com produção | E8: Regressão | F8: P0 | G8: - | H8: 1. Acessar https://signallq.pages.dev/console/ diretamente 2. Comparar com https://signallq-admin-panel.pages.dev/ | I8: A URL legada responde 200 mas serve build antigo/congelado (issue #1068) — teste real deve SEMPRE usar signallq-admin-panel.pages.dev. Este caso existe para não repetir o falso-negativo já ocorrido 2x na mesma semana (2026-07-17). | J8: issue #1068; README_ADMIN_ARCHITECTURE.md | K8: https://signallq.pages.dev/console/ | L8: - | M8: Comparar hash de asset servido nas duas URLs | N8: Não iniciado

Sheet 14_Tokens_Design
A1: Checklist de Design System — SignallQ Admin (md3-tobe)
A2: Fonte de verdade: SignallQ Admin/DESIGN.md (realinhado 2026-07-16 ao prototipo signallq-admin-md3-tobe). Validar por inspeção de CSS computado (getComputedStyle), não só visual.
A4: ID | B4: Grupo | C4: Token / regra | D4: Claro esperado | E4: Escuro esperado | F4: Como validar | G4: Telas mínimas | H4: Prioridade | I4: Status | J4: Observações
A5: DS-CLR-01 | B5: Cores | C5: Primary (bg-base) | D5: #FEF7FF | E5: #141019 | F5: getComputedStyle(html).getPropertyValue('--bg-base') | G5: Todas | H5: P0 | I5: Não iniciado
A6: DS-CLR-02 | B6: Cores | C6: Primary (accent) | D6: #6C2BFF | E6: #CFBCFF | F6: --primary — nunca reutilizar o mesmo hex nos dois temas (Per-Theme Semantic Rule) | G6: CTA, nav ativa, foco | H6: P0 | I6: Não iniciado
A7: DS-CLR-03 | B7: Cores | C7: On-primary | D7: #FFFFFF | E7: #38008C | F7: --on-primary — texto sobre botão primary | G7: Botão Entrar | H7: P0 | I7: Não iniciado
A8: DS-CLR-04 | B8: Cores | C8: Bg Surface | D8: #ECE6F0 | E8: #2B2831 | F8: --bg-surface — cards e superfícies de conteúdo | G8: Todas | H8: P0 | I8: Não iniciado
A9: DS-CLR-05 | B9: Cores | C9: Bg Sidebar | D9: #F7F2FA | E9: #1D1A22 | F9: --bg-sidebar — nav drawer/rail/bottom | G9: Nav | H9: P0 | I9: Não iniciado
A10: DS-CLR-06 | B10: Cores | C10: Success | D10: #1E8E3E | E10: #7DDB93 | F10: Status saudável/estável/OK | G10: Badges | H10: P1 | I10: Não iniciado
A11: DS-CLR-07 | B11: Cores | C11: Attention | D11: #8A5300 | E11: #FFB955 | F11: Status atenção/beta/cache — corrigido do valor AsIs (#B06000/#F59E0B) | G11: Badges | H11: P1 | I11: Não iniciado
A12: DS-CLR-08 | B12: Cores | C12: Error | D12: #BA1A1A | E12: #FFB4AB | F12: Status crítico/falha/pausado | G12: Badges | H12: P1 | I12: Não iniciado
A13: DS-RAD-01 | B13: Radius | C13: Card | D13: 12px | E13: 12px | F13: border-radius do container de card — corrigido de 16px | G13: Todos os cards | H13: P0 | I13: Não iniciado
A14: DS-RAD-02 | B14: Radius | C14: Button | D14: full/pill (altura/2) | E14: full/pill | F14: Botão Entrar: height 54px → radius 27px, nunca valor fixo | G14: Login, CTAs | H14: P0 | I14: Não iniciado
A15: DS-RAD-03 | B15: Radius | C15: Segmented chip (PROD/STG, período) | D15: 20px | E15: 20px | F15: Radius fixo, não pill — bug corrigido na PR #1067 (estava 12px) | G15: TopAppBar/GlobalFilters | H15: P0 | I15: Não iniciado
A16: DS-RAD-04 | B16: Radius | C16: Input | D16: 12px | E16: 12px | F16: Campo de e-mail/senha do login | G16: Login | H16: P1 | I16: Não iniciado
... A24: DS-RULE-03 | B24: Regra | C24: One Accent Rule | D24: - | E24: - | F24: --primary só aparece em CTA, nav ativa e foco — nunca como fundo geral | G24: Todas | H24: P1 | I24: Não iniciado

Sheet 15_Bugs_GitHub
A1: Fila de bugs e template de issue GitHub
A2: Preencher somente após reteste. Pesquisar duplicatas no repositório (gh issue list --search). Uma issue por causa raiz.
A4: Ordem | B4: IDs de teste | C4: Tela | D4: Resumo do defeito | E4: Severidade | F4: Reprodução | G4: Esperado | H4: Atual | I4: Commit/deploy | J4: Ambiente | K4: Evidências | L4: Issue existente? | M4: URL GitHub | N4: Status triagem

Sheet 16_Comandos_Apoio
A1: Comandos de apoio — copiar, executar e guardar evidências
A2: Web (Playwright/curl/D1), não ADB. Nunca colocar senha, token ou dado pessoal em issue pública.
A4: Ordem | B4: Fase | C4: Objetivo | D4: Comando | E4: Saída esperada | F4: Arquivo/evidência
A5: 1 | B5: Setup | C5: Confirmar produção real | D5: curl -s -o /dev/null -w '%{http_code}' https://signallq-admin-panel.pages.dev/ | E5: 200 | F5: status.txt
A6: 2 | B6: Setup | C6: NUNCA testar a URL legada | D6: # https://signallq.pages.dev/console/ está desativada (issue #1068) — não usar como referência | E6: - | F6: -
A7: 3 | B7: Auth | C7: Confirmar sessão ativa via API | D7: curl -s -b cookies.txt https://signallq-admin-panel.pages.dev/api/admin/auth/me | E7: {"email":"qa.playwright@signallq.internal","role":"admin"} | F7: auth_me.json
A8: 4 | B8: Dados | C8: Conferir conta de QA no D1 | D8: npx wrangler d1 execute signallq-admin-db --remote --command "SELECT id,email,role,active FROM admin_users WHERE email='qa.playwright@signallq.internal'" | E8: 1 linha, active=1 | F8: qa_user.json
A9: 5 | B9: Dados | C9: Conferir sessões ativas da conta de QA | D9: npx wrangler d1 execute signallq-admin-db --remote --command "SELECT * FROM admin_sessions WHERE user_id=(SELECT id FROM admin_users WHERE email='qa.playwright@signallq.internal')" | E9: 0+ linhas | F9: qa_sessions.json
A10: 6 | B10: Rede | C10: Listar requests da tela atual (Playwright) | D10: browser_network_requests / mcp__playwright__browser_console_messages | E10: Sem erro novo além do 401 inicial de /auth/me pré-login | F10: network_<tela>.log
A11: 7 | B11: Visual | C11: Comparar hash de build servido | D11: curl -s https://signallq-admin-panel.pages.dev/console/ | grep -o 'assets/index-[A-Za-z0-9_-]*\.\(js\|css\)' | E11: Hash muda a cada deploy; comparar com build local (npm run build) | F11: build_hash.txt
A12: 8 | B12: Encerramento | C12: Revogar sessão de QA ao final da rodada | D12: curl -s -X POST -b cookies.txt https://signallq-admin-panel.pages.dev/api/admin/auth/logout | E12: {"ok":true} | F12: logout.json
